Week 1,https://www.reddit.com/r/spiritisland/comments/hkkiro/weekly_community_game_1/
Week 2,https://www.reddit.com/r/spiritisland/comments/hopvaz/community_challenge_2/
Week 3,https://www.reddit.com/r/spiritisland/comments/hsvh3t/community_challenge_3/
Week 4,https://www.reddit.com/r/spiritisland/comments/hwq16f/weekly_community_game_4/
Week 5,https://www.reddit.com/r/spiritisland/comments/i0sfln/community_challenge_5/
Week 6,https://www.reddit.com/r/spiritisland/comments/i5ebar/community_challenge_6/
Week 7,https://www.reddit.com/r/spiritisland/comments/i9mh03/community_challenge_7/
Week 8,https://www.reddit.com/r/spiritisland/comments/idx8re/community_challenge_8/
Week 9,https://www.reddit.com/r/spiritisland/comments/ii7iyc/community_challenge_9/
Week 10,https://www.reddit.com/r/spiritisland/comments/imgfzk/community_challenge_10/
Week 11,https://www.reddit.com/r/spiritisland/comments/iqr0f5/community_challenge_11/
Week 12,https://www.reddit.com/r/spiritisland/comments/iv6l9n/community_challenge_12/
Week 13,https://www.reddit.com/r/spiritisland/comments/izjxm7/community_challenge_13/
Week 14,https://www.reddit.com/r/spiritisland/comments/j3uza8/community_challenge_14/
Week 15,https://www.reddit.com/r/spiritisland/comments/j7zgal/community_challenge_15/
Week 16,https://www.reddit.com/r/spiritisland/comments/jcab9u/community_challenge_16/
Week 17,https://www.reddit.com/r/spiritisland/comments/jgnn1c/community_challenge_17/
Week 18,https://www.reddit.com/r/spiritisland/comments/jkx9m5/community_challenge_18/
Week 19,https://www.reddit.com/r/spiritisland/comments/jp6k0a/community_challenge_19/
Week 20,https://www.reddit.com/r/spiritisland/comments/jth4nd/community_challenge_20/
Week 21,https://www.reddit.com/r/spiritisland/comments/jxqj10/community_challenge_21/
Week 22,https://www.reddit.com/r/spiritisland/comments/k22mqm/community_challenge_22/
Week 23,https://www.reddit.com/r/spiritisland/comments/k6mfss/community_challenge_23/
Week 24,https://www.reddit.com/r/spiritisland/comments/kb4clz/community_challenge_24/
Week 25,https://www.reddit.com/r/spiritisland/comments/kfmvhs/community_challenge_25/
Week 26,https://www.reddit.com/r/spiritisland/comments/kjz1k9/community_challenge_26/
Week 27,https://www.reddit.com/r/spiritisland/comments/kockla/community_challenge_27/
Week 28,https://www.reddit.com/r/spiritisland/comments/kt42xt/community_challenge_27/
Week 29,https://www.reddit.com/r/spiritisland/comments/kxw6j6/community_challenge_29/
Week 30,https://www.reddit.com/r/spiritisland/comments/l2pf7n/community_challenge_30/
Week 31,https://www.reddit.com/r/spiritisland/comments/l7ulfs/community_challenge_31/
Week 32,https://www.reddit.com/r/spiritisland/comments/ld8w8i/community_challenge_32/
Week 33,https://www.reddit.com/r/spiritisland/comments/licpbk/community_challenge_33/
Week 34,https://www.reddit.com/r/spiritisland/comments/lnhvah/community_challenge_34/
Week 35,https://www.reddit.com/r/spiritisland/comments/lszewz/community_challenge_35/
Week 36,https://www.reddit.com/r/spiritisland/comments/lydnsm/community_challenge_36/
Week 37,https://www.reddit.com/r/spiritisland/comments/m3jarq/community_challenge_37/
Week 38,https://www.reddit.com/r/spiritisland/comments/m8hvym/community_challenge_38/
Week 39,https://www.reddit.com/r/spiritisland/comments/mdpa21/community_challenge_39/
Week 40,https://www.reddit.com/r/spiritisland/comments/mikyg4/community_challenge_40/
Week 41,https://www.reddit.com/r/spiritisland/comments/mnhtpo/community_challenge_41/
Week 42,https://www.reddit.com/r/spiritisland/comments/ms3r7m/community_challenge_42/
Week 43,https://www.reddit.com/r/spiritisland/comments/mwx70i/community_challenge_43/
Week 44,https://www.reddit.com/r/spiritisland/comments/n1ugaa/community_challenge_44/
Week 45,https://www.reddit.com/r/spiritisland/comments/n6z5w7/community_challenge_45/
Week 46,https://www.reddit.com/r/spiritisland/comments/nc9a8g/community_challenge_46/
Week 47,https://www.reddit.com/r/spiritisland/comments/nht7we/community_challenge_47/
Week 48,https://www.reddit.com/r/spiritisland/comments/nmyn3i/community_challenge_48/
Week 49,https://www.reddit.com/r/spiritisland/comments/ns5swk/community_challenge_49/
Week 50,https://www.reddit.com/r/spiritisland/comments/nxgnqn/community_challenge_50/
Week 51,https://www.reddit.com/r/spiritisland/comments/o2pr2p/community_challenge_51/
Week 52,https://www.reddit.com/r/spiritisland/comments/o7o9r0/community_challenge_52_one_year/
Week 53,https://www.reddit.com/r/spiritisland/comments/ocj3rh/community_challenge_53/
Week 54,https://www.reddit.com/r/spiritisland/comments/oi6nce/community_challenge_54/
Week 55,https://www.reddit.com/r/spiritisland/comments/olheye/community_challenge_55/
Week 56,https://www.reddit.com/r/spiritisland/comments/oq2zov/community_challenge_56/
Week 57,https://www.reddit.com/r/spiritisland/comments/oul5bg/community_challenge_57/
Week 58,https://www.reddit.com/r/spiritisland/comments/oz77dx/community_challenge_58/
Week 59,https://www.reddit.com/r/spiritisland/comments/p85s2y/community_challenge_59/
Week 60,https://www.reddit.com/r/spiritisland/comments/pcnxht/community_challenge_60/
Week 61,https://www.reddit.com/r/spiritisland/comments/pq5qnw/community_challenge_61
Week 62,https://www.reddit.com/r/spiritisland/comments/puq8h1/community_challenge_62
Week 63,https://www.reddit.com/r/spiritisland/comments/pzgthf/community_challenge_63/
Week 64,https://www.reddit.com/r/spiritisland/comments/q40oty/community_challenge_64/
Week 65,https://www.reddit.com/r/spiritisland/comments/q90uju/community_challenge_65/
Week 66,https://www.reddit.com/r/spiritisland/comments/qdbznr/community_challenge_66/
Week 67,https://www.reddit.com/r/spiritisland/comments/qnkqzf/community_challenge_67/
Week 68,https://www.reddit.com/r/spiritisland/comments/qtcd2n/community_challenge_68/
Week 69,https://www.reddit.com/r/spiritisland/comments/qxnlb0/community_challenge_69/
Week 70,https://www.reddit.com/r/spiritisland/comments/r7zqop/community_challenge_70/
Week 71,https://www.reddit.com/r/spiritisland/comments/ritp3j/community_challenge_71/
Week 72,https://www.reddit.com/r/spiritisland/comments/s47ima/community_challenge_72
Week 73,https://www.reddit.com/r/spiritisland/comments/sfjdlg/community_challenge_73/
Week 74,https://www.reddit.com/r/spiritisland/comments/ttssde/community_challenge_74/
Week 75,https://www.reddit.com/r/spiritisland/comments/vr6lb9/community_challenge_75/
Week 76,https://www.reddit.com/r/spiritisland/comments/vv1sev/community_challenge_76/
Week 77,http://reddit.com/r/spiritisland/comments/w0fk64/community_challenge_77/
Week 78,https://www.reddit.com/r/spiritisland/comments/w63jc4/community_challenge_78/
Week 79,https://www.reddit.com/r/spiritisland/comments/wc3wik/community_challenge_79/
Week 80,https://www.reddit.com/r/spiritisland/comments/whnjgj/community_challenge_80/
Week 81,https://www.reddit.com/r/spiritisland/comments/wne3f4/community_challenge_81/
Week 82,https://www.reddit.com/r/spiritisland/comments/wt61hd/community_challenge_82/
Week 83,https://www.reddit.com/r/spiritisland/comments/wztrrn/community_challenge_83/
Week 84,https://www.reddit.com/r/spiritisland/comments/x4tir9/community_challenge_84/
Week 85,https://www.reddit.com/r/spiritisland/comments/xmsjb0/community_challenge_85/
Week 86,https://www.reddit.com/r/spiritisland/comments/xsuisz/community_challenge_86/
Week 87,https://www.reddit.com/r/spiritisland/comments/xyt0zu/community_challenge_87/
Week 88,https://www.reddit.com/r/spiritisland/comments/y4n1b5/community_challenge_88/
Week 89,https://www.reddit.com/r/spiritisland/comments/yamxre/community_challenge_89/
Week 90,https://www.reddit.com/r/spiritisland/comments/ygmugg/community_challenge_90/
Week 91,https://www.reddit.com/r/spiritisland/comments/ymtd0m/community_challenge_91/
Week 92,https://www.reddit.com/r/spiritisland/comments/z598us/community_challenge_92/
Week 93,https://www.reddit.com/r/spiritisland/comments/zbgy77/community_challenge_93/
Week 94,https://www.reddit.com/r/spiritisland/comments/zhv6ik/community_challenge_94/
Week 95,https://www.reddit.com/r/spiritisland/comments/zo78cu/community_challenge_95/
Week 96,https://www.reddit.com/r/spiritisland/comments/zual6i/community_challenge_96/
Week 97,https://www.reddit.com/r/spiritisland/comments/zuwukb/community_challenge_97/
Week 98,https://www.reddit.com/r/spiritisland/comments/10clstb/community_challenge_98/
Week 99,https://www.reddit.com/r/spiritisland/comments/10hrvs8/community_challenge_99/
Week 100,https://www.reddit.com/r/spiritisland/comments/115fzb0/community_challenge_100/
